start	end	text
0	6000	Today I'm going to be talking about Word Embeddings, which I think are one of the coolest things you can do with machine learning right now,
6000	12000	and to explain why I think that I'm just going to jump right in and give you an example of something you can do with Word Embeddings.
12000	20000	So a few months ago, I set up a program that just downloads tweets as people write tweets on Twitter and saves them to a file.
20000	29000	And after running this program for about a month or two, I had collected a massive file with over five gigabytes of tweets after I compressed it.
29000	34000	So I got a massive amount of data and it's just raw data that people typed on the internet.
34000	44000	After getting all this data, I fed it directly into a Word Embedding algorithm, which was able to figure out tons of relationships between words just from the raw things that people happen to type on the internet.
44000	52000	So for example, if I put in a color, it can tell me a bunch of other colors. It never actually knew the idea of color going in.
52000	57000	It didn't really know anything and it piece together that all these words are related.
57000	61000	You can see I can put in other things like a kind of food and I get other kinds of food out.
61000	69000	And I'll actually have a link in the description so that you can try this out yourself just to see how well it really learned the relationships between words.
69000	74000	So you're probably wondering how this actually worked because it's kind of baffling.
74000	80000	All I gave it was things that people typed on the internet. I didn't give it a dictionary. I didn't give it a list of synonyms.
80000	85000	I mean, I chose English, but I could have chosen any language and it still would have been just as successful.
85000	90000	So it's pretty impressive that it was able to do this just from raw text.
90000	96000	And in this video, I really want to explain why this works and how it works.
96000	99000	And I think it's super cool. So I want to share it with you.
99000	104000	So pretty much every Word Embedding algorithm uses the idea of context.
104000	107000	And to show you what I mean, I'm just going to give you a really simple example.
107000	112000	So here is an example of a sentence where there's a word missing.
112000	116000	So it says, I painted the bench blank and we're expected to fill in the blank.
116000	119000	So the obvious thing here is to put a color, right?
119000	123000	I painted the bench red. I painted the bench green. Something like that.
123000	129000	And already we can see that, you know, if a word can show up in this context, it's likely to be a color.
129000	133000	But unfortunately, that's not always true. You could also say, I painted the bench today.
133000	139000	Today is not a color. But the main takeaway is that context is really kind of closely related to meaning.
139000	144000	So that was an example where multiple different words could go into the same context.
144000	150000	And we presume that those words are somehow related, at least a lot of them are.
150000	153000	But there's another way the context can help us.
153000	158000	And that's if two words happen to always appear in the same context at once.
158000	162000	So here are three different sentences that will help us understand this idea.
162000	165000	In the first sentence, I actually have two examples.
165000	171000	Donald and Trump are likely to appear together because one's the first name of a person and one's the last name of that same person.
171000	173000	So those words are closely related.
173000	179000	We also have United States, which is kind of just one logical word broken up into two smaller words.
179000	182000	So United and States are likely to appear together.
182000	188000	And then in the second and third example, we have a joke and laugh are kind of related words.
188000	192000	You laugh at a joke. So they're also likely to appear in the same context.
192000	200000	Now, there's one subtle thing that I'd like to point out in this example, which is that laugh and laugh might be different words.
200000	204000	Like laugh is the present tense and laugh is the past tense.
204000	210000	And likewise, you know, we could think about joke versus jokes like one is plural, one is singular.
210000	212000	These are different forms of the same word.
213000	222000	And ideally, since we knew nothing about English going in, our algorithm, our word embedding is going to have to learn the different forms of the same word are related.
222000	226000	It has to learn that laugh is somehow related to laugh.
226000	237000	And what you can see is, you know, these examples give you an idea of how the model might be able to do that because you can see laugh appears with the word joke in the second sentence.
237000	241000	And laugh appears with the word joke in the third sentence.
241000	247000	So ideally, the word embedding would figure out then that laugh and laugh are related since they're both related to joke.
247000	250000	So that's kind of where a word embedding gets its knowledge from.
250000	256000	It learns things via context. It sees, you know, what words occur near other words.
256000	262000	But what does a word embedding actually do? I still have to kind of formalize what we're after.
262000	267000	So in one sentence, a word embedding just converts words into vectors.
267000	273000	So you might give in a word like hamburger and you would get out a list of, say, 64 numbers.
273000	276000	And those numbers would describe the word.
276000	281000	And for a word embedding to be good, we kind of require that the vectors carry some meaning.
281000	289000	So if I put in hamburger and cheeseburger into my model, I want those vectors to be very close to each other because they're very related words.
289000	295000	Whereas if I put in something else like Ferrari, like a kind of car, totally unrelated to hamburger,
295000	299000	I want the vector for Ferrari to be far away from the vector for hamburger.
299000	304000	And of course, all these distances are relative, but you can kind of see what I mean.
304000	310000	That we want the closeness of these vectors to resemble the closeness of the words that they represent.
310000	317000	And in addition to this kind of idea of closeness, we might also want there to be even more structure.
317000	323000	For example, if I do the vector for man minus the vector for woman.
323000	328000	And to subtract vectors, we just subtract each number from the corresponding number of the other vectors.
328000	336000	So if I take the vector for man and I subtract the vector for woman, I want that to somehow represent the difference between male and female.
336000	344000	And then if I add that vector to the vector for queen, I want it to give me out something very, very close to the vector for king.
344000	353000	So I want these vectors to be related and I want the differences between vectors to also carry some meaning.
353000	359000	And I might add other constraints, but the idea is I just want to encode as much meaning as I can into the vectors.
359000	361000	So how are we actually going to do that?
361000	368000	How are we going to solve for vectors for all of the words that ever appear on Twitter?
368000	371000	How are we going to produce the set of vectors that work?
371000	375000	So the first approach I'm going to be talking about is known as word to veck.
375000	386000	And it's probably the most famous kind of word embedding because it was the first word embedding to get the kind of impressive results that word embeddings, the state of the art word embeddings get today.
386000	390000	So essentially word to veck is just a really simple neural network.
390000	395000	And if you've already seen my other videos on neural networks, you might actually already be able to implement word to veck.
395000	400000	But I'm just going to try to describe it here on a high level to give you an idea of how it works.
400000	405000	So here's a really simple picture of what a word to veck neural network looks like.
405000	410000	You essentially feed in a word and it produces in the middle.
410000	413000	It produces a small vector, which is a word embedding.
413000	416000	And then it produces output something like a context.
416000	425000	And to describe what this is in a little more detail, I'm actually going to give an example of something we might ask a word to veck neural network to do.
425000	428000	What I've done is I picked out a random tweet from my corpus.
428000	431000	And I picked out a random word from within that tweet.
431000	433000	In this case, it was yellow.
433000	439000	And I'm going to feed as input the word yellow to the word to veck neural network.
439000	443000	And I'm going to try to get it as output to give me all the other words that were in the tweet.
443000	450000	So the word to veck neural network in this case is just trying to predict context words from a word.
450000	455000	So how exactly is it that I feed in the word yellow and I get out all these context words?
455000	457000	How do I represent that for the neural network?
457000	463000	Well, basically the network has a different input neuron for each different word.
463000	470000	So I take the neuron for whatever word I want to feed in and I'll set that neuron to one and I'll set all the other neurons to zero.
470000	476000	Then the neural network will just use regular neural network stuff to produce a small vector.
476000	479000	Basically, that's just a hidden layer with 64 neurons.
479000	487000	And then using more neural network magic, I'll produce back out a vector, maybe with 100,000 components in each neuron
487000	490000	and that output vector corresponds to a word as well.
490000	494000	And I want every neuron to be set that is in the context.
494000	498000	And I want every neuron that wasn't in the context not to be set.
498000	500000	So why does this work?
500000	505000	Why do we expect that the middle layer when the word gets turned into a small vector?
505000	508000	Why do we expect that small vector to actually be meaningful?
508000	514000	Well, the answer is that that small vector is all the network has to figure out the context.
514000	518000	So it goes right from that small vector to the context.
518000	527000	So if two words have very similar contexts, it's really helpful for the neural network if the small vector is similar for those two words.
527000	532000	Because if it produces a similar output, a similar vector makes sense.
532000	540000	So essentially, this model is just forcing the middle layer of the neural network to correspond to meaning.
540000	549000	You know, close words, words with similar contexts will have close vectors in the middle of the network just because that's what's easiest for the network to do.
549000	554000	So that's kind of just a really general overview of how word-to-vec works.
554000	561000	And there's a lot more to it, so I'll have a link to the actual original word-to-vec paper in the description if you want to read more about it.
561000	565000	So besides word-to-vec, there are a bunch of other ways to generate word embeddings.
565000	569000	And the majority of them are based on this thing called the co-occurrence matrix.
569000	572000	So here's a really simple example of what this might look like.
572000	577000	Basically, both the rows and the columns correspond to different words.
577000	585000	And the entry at any given point in the matrix just counts how many times those two words happen in the same context.
585000	588000	So you can imagine how we might generate this thing.
588000	594000	For example, with Twitter data, we might just loop through all the tweets, go through all the words and all those tweets.
594000	600000	And for every time two words occur in the same tweet, we just add one to that entry in this matrix.
600000	608000	Now, different methods will use this matrix in different ways, but pretty much all of the methods utilize some amount of linear algebra.
608000	613000	So I'm going to be just talking about matrices and matrix multiplications, dot products, things like that.
613000	623000	And if you don't know linear algebra, you're not really going to get much from this, but that's why I kind of left it at the end of the video because some people will get something out of this.
623000	625000	And I think it's somewhat interesting.
625000	637000	So probably the simplest approach to generating word embeddings with the co-occurrence matrix is to just decompose the co-occurrence matrix into the product of two much smaller matrices.
637000	650000	So I've drawn out the picture here. You can basically see that I get this massive square matrix, which is our co-occurrence matrix, by multiplying a tall skinny matrix and a short wide matrix.
650000	656000	You know, you think about how many entries are in the big matrix. There's 100,000 squared.
656000	663000	That's a lot more information than is stored on the right side of this equation, which is, you know, two relatively small matrices multiplied together.
663000	670000	So by decomposing this big co-occurrence matrix into these smaller ones, we're clearly compressing some information.
670000	676000	And in doing so, hopefully we have to extract a lot of meaning from the matrix so that we can do that compression.
676000	681000	And that should allow us to at least generate decent embeddings.
681000	695000	So once we have this matrix decomposition, which I haven't described exactly how we might find this yet, but you could imagine there's plenty of methods in linear algebra to decompose a matrix like singular value decomposition, or you could use gradient descent or something like that.
695000	701000	But once you have this matrix decomposition, we actually get word vectors pretty much for free.
701000	707000	For example, in the big co-occurrence matrix, each row in each column corresponds to a word.
707000	720000	So if I go into this tall skinny matrix and I grab the, you know, the entry for a certain word, that is going to give me a vector, which is pretty small, in this case 64 components.
720000	724000	And I can call that a word embedding for that word.
724000	734000	And of course, I didn't have to pick it from the tall skinny matrix, I could have picked it from the short wide matrix, or I could even just decide to average these two vectors and use that as the embedding overall.
734000	741000	And there's actually a good reason to assume that these vectors would represent a decent amount of meaning.
741000	753000	The reason is that an entry in the big co-occurrence matrix is equivalent to the dot product of a word vector taken from the tall skinny matrix and a word vector taken from the wide short matrix.
753000	762000	So basically, a given co-occurrence is approximated by a dot product between two word vectors, basically.
762000	770000	So if I use these word vectors, what it tells me is that now the dot product represents how likely two words are to co-occur.
770000	778000	So I've gotten this structure in my vectors, you know, correlation and vectors corresponds to correlation and context.
778000	783000	So that is why you might expect matrix decomposition to give you good embeddings.
783000	790000	So now I'll tell you a little bit about the particular method that I used to generate the word embeddings at the beginning of this video.
790000	798000	The method I used is known as glove, which is short for global vectors, and it is a kind of co-occurrence decomposition method.
798000	807000	Now, it's a little unique in that it decomposes the logarithm of the co-occurrence matrix instead of the actual co-occurrence matrix.
807000	815000	And it also is weighted. It uses a model where certain entries in the co-occurrence matrix are more important than others.
815000	825000	And you use gradient descent to learn the embeddings, so it's similar to training a neural network, and it has really good results and it's extremely fast.
825000	832000	So I really liked glove. I had a lot more fun implementing glove than I did implementing word to veck.
832000	838000	And I will certainly have a link to that paper in the description that describes glove, because it's an excellent paper.
838000	845000	It explains why word to veck works, as well as why glove works, and it talks about a bunch of other word embedding methods.
845000	851000	So that's pretty much all I had planned for today. I hope I got you really interested in word embeddings.
851000	860000	And if you want to know more, I highly recommend you read that glove paper in the description, and I'll try to link to other resources as well, because this is a really interesting topic.
860000	867000	And I think a lot of people will find it cool. So anyway, thanks for watching, subscribe, and goodbye.
